id,tdl,fam,famext,num_actives,name,description,uniprot,family,seq
738,Tchem,Epigenetic,,24,ANM8_HUMAN,Protein arginine N-methyltransferase 8,Q9NR22,Belongs to the class I-like SAM-binding methyltransferase superfamily. Protein arginine N-methyltransferase family. PRMT8 subfamily.,MGMKHSSRCLLLRRKMAENAAESTEVNSPPSQPPQPVVPAKPVQCVHHVSTQPSCPGRGKMSKLLNPEEMTSRDYYFDSYAHFGIHEEMLKDEVRTLTYRNSMYHNKHVFKDKVVLDVGSGTGILSMFAAKAGAKKVFGIECSSISDYSEKIIKANHLDNIITIFKGKVEEVELPVEKVDIIISEWMGYCLFYESMLNTVIFARDKWLKPGGLMFPDRAALYVVAIEDRQYKDFKIHWWENVYGFDMTCIRDVAMKEPLVDIVDPKQVVTNACLIKEVDIYTVKTEELSFTSAFCLQIQRNDYVHALVTYFNIEFTKCHKKMGFSTAPDAPYTHWKQTVFYLEDYLTVRRGEEIYGTISMKPNAKNVRDLDFTVDLDFKGQLCETSVSNDYKMR
1020,Tchem,Epigenetic,,33,ANM6_HUMAN,Protein arginine N-methyltransferase 6,Q96LA8,Belongs to the class I-like SAM-binding methyltransferase superfamily. Protein arginine N-methyltransferase family. PRMT6 subfamily.,MSQPKKRKLESGGGGEGGEGTEEEDGAEREAALERPRRTKRERDQLYYECYSDVSVHEEMIADRVRTDAYRLGILRNWAALRGKTVLDVGAGTGILSIFCAQAGARRVYAVEASAIWQQAREVVRFNGLEDRVHVLPGPVETVELPEQVDAIVSEWMGYGLLHESMLSSVLHARTKWLKEGGLLLPASAELFIAPISDQMLEWRLGFWSQVKQHYGVDMSCLEGFATRCLMGHSEIVVQGLSGEDVLARPQRFAQLELSRAGLEQELEAGVGGRFRCSCYGSAPMHGFAIWFQVTFPGGESEKPLVLSTSPFHPATHWKQALLYLNEPVQVEQDTDVSGEITLLPSRDNPRRLRVLLRYKVGDQEEKTKDFAMED
1218,Tchem,Epigenetic,,33,ANM1_HUMAN,Protein arginine N-methyltransferase 1,Q99873,Belongs to the class I-like SAM-binding methyltransferase superfamily. Protein arginine N-methyltransferase family.,MENFVATLANGMSLQPPLEEVSCGQAESSEKPNAEDMTSKDYYFDSYAHFGIHEEMLKDEVRTLTYRNSMFHNRHLFKDKVVLDVGSGTGILCMFAAKAGARKVIGIECSSISDYAVKIVKANKLDHVVTIIKGKVEEVELPVEKVDIIISEWMGYCLFYESMLNTVLYARDKWLAPDGLIFPDRATLYVTAIEDRQYKDYKIHWWENVYGFDMSCIKDVAIKEPLVDVVDPKQLVTNACLIKEVDIYTVKVEDLTFTSPFCLQVKRNDYVHALVAYFNIEFTRCHKRTGFSTSPESPYTHWKQTVFYMEDYLTVKTGEEIFGTIGMRPNAKNNRDLDFTIDLDFKGQLCELSCSTDYRMR
1548,Tchem,Epigenetic,,60,ATAD2_HUMAN,ATPase family AAA domain-containing protein 2,Q6PL18,Belongs to the AAA ATPase family.,MVVLRSSLELHNHSAASATGSLDLSSDFLSLEHIGRRRLRSAGAAQKKPAATTAKAGDGSSVKEVETYHRTRALRSLRKDAQNSSDSSFEKNVEITEQLANGRHFTRQLARQQADKKKEEHREDKVIPVTRSLRARNIVQSTEHLHEDNGDVEVRRSCRIRSRYSGVNQSMLFDKLITNTAEAVLQKMDDMKKMRRQRMRELEDLGVFNETEESNLNMYTRGKQKDIQRTDEETTDNQEGSVESSEEGEDQEHEDDGEDEDDEDDDDDDDDDDDDDDEDDEDEEDGEEENQKRYYLRQRKATVYYQAPLEKPRHQRKPNIFYSGPASPARPRYRLSSAGPRSPYCKRMNRRRHAIHSSDSTSSSSSEDEQHFERRRKRSRNRAINRCLPLNFRKDELKGIYKDRMKIGASLADVDPMQLDSSVRFDSVGGLSNHIAALKEMVVFPLLYPEVFEKFKIQPPRGCLFYGPPGTGKTLVARALANECSQGDKRVAFFMRKGADCLSKWVGESERQLRLLFDQAYQMRPSIIFFDEIDGLAPVRSSRQDQIHSSIVSTLLALMDGLDSRGEIVVIGATNRLDSIDPALRRPGRFDREFLFSLPDKEARKEILKIHTRDWNPKPLDTFLEELAENCVGYCGADIKSICAEAALCALRRRYPQIYTTSEKLQLDLSSINISAKDFEVAMQKMIPASQRAVTSPGQALSTVVKPLLQNTVDKILEALQRVFPHAEFRTNKTLDSDISCPLLESDLAYSDDDVPSVYENGLSQKSSHKAKDNFNFLHLNRNACYQPMSFRPRILIVGEPGFGQGSHLAPAVIHALEKFTVYTLDIPVLFGVSTTSPEETCAQVIREAKRTAPSIVYVPHIHVWWEIVGPTLKATFTTLLQNIPSFAPVLLLATSDKPHSALPEEVQELFIRDYGEIFNVQLPDKEERTKFFEDLILKQAAKPPISKKKAVLQALEVLPVAPPPEPRSLTAEEVKRLEEQEEDTFRELRIFLRNVTHRLAIDKRFRVFTKPVDPDEVPDYVTVIKQPMDLSSVISKIDLHKYLTVKDYLRDIDLICSNALEYNPDRDPGDRLIRHRACALRDTAYAIIKEELDEDFEQLCEEIQESRKKRGCSSSKYAPSYYHVMPKQNSTLVGDKRSDPEQNEKLKTPSTPVACSTPAQLKRKIRKKSNWYLGTIKKRRKISQAKDDSQNAIDHKIESDTEETQDTSVDHNETGNTGESSVEENEKQQNASESKLELRNNSNTCNIENELEDSRKTTACTELRDKIACNGDASSSQIIHISDENEGKEMCVLRMTRARRSQVEQQQLITVEKALAILSQPTPSLVVDHERLKNLLKTVVKKSQNYNIFQLENLYAVISQCIYRHRKDHDKTSLIQKMEQEVENFSCSR
1628,Tchem,Epigenetic,,262,BRD2_HUMAN,Bromodomain-containing protein 2,P25440,,MLQNVTPHNKLPGEGNAGLLGLGPEAAAPGKRIRKPSLLYEGFESPTMASVPALQLTPANPPPPEVSNPKKPGRVTNQLQYLHKVVMKALWKHQFAWPFRQPVDAVKLGLPDYHKIIKQPMDMGTIKRRLENNYYWAASECMQDFNTMFTNCYIYNKPTDDIVLMAQTLEKIFLQKVASMPQEEQELVVTIPKNSHKKGAKLAALQGSVTSAHQVPAVSSVSHTALYTPPPEIPTTVLNIPHPSVISSPLLKSLHSAGPPLLAVTAAPPAQPLAKKKGVKRKADTTTPTPTAILAPGSPASPPGSLEPKAARLPPMRRESGRPIKPPRKDLPDSQQQHQSSKKGKLSEQLKHCNGILKELLSKKHAAYAWPFYKPVDASALGLHDYHDIIKHPMDLSTVKRKMENRDYRDAQEFAADVRLMFSNCYKYNPPDHDVVAMARKLQDVFEFRYAKMPDEPLEPGPLPVSTAMPPGLAKSSSESSSEESSSESSSEEEEEEDEEDEEEEESESSDSEEERAHRLAELQEQLRAVHEQLAALSQGPISKPKRKREKKEKKKKRKAEKHRGRAGADEDDKGPRAPRPPQPKKSKKASGSGGGSAALGPSGFGPSGGSGTKLPKKATKTAPPALPTGYDSEEEEESRPMSYDEKRQLSLDINKLPGEKLGRVVHIIQAREPSLRDSNPEEIEIDFETLKPSTLRELERYVLSCLRKKPRKPYTIKKPVGKTKEELALEKKRELEKRLQDVSGQLNSTKKPPKKANEKTESSSAQQVAVSRLSASSSSSDSSSSSSSSSSSDTSDSDSG
1629,Tchem,Epigenetic,,297,BRD3_HUMAN,Bromodomain-containing protein 3,Q15059,,MSTATTVAPAGIPATPGPVNPPPPEVSNPSKPGRKTNQLQYMQNVVVKTLWKHQFAWPFYQPVDAIKLNLPDYHKIIKNPMDMGTIKKRLENNYYWSASECMQDFNTMFTNCYIYNKPTDDIVLMAQALEKIFLQKVAQMPQEEVELLPPAPKGKGRKPAAGAQSAGTQQVAAVSSVSPATPFQSVPPTVSQTPVIAATPVPTITANVTSVPVPPAAAPPPPATPIVPVVPPTPPVVKKKGVKRKADTTTPTTSAITASRSESPPPLSDPKQAKVVARRESGGRPIKPPKKDLEDGEVPQHAGKKGKLSEHLRYCDSILREMLSKKHAAYAWPFYKPVDAEALELHDYHDIIKHPMDLSTVKRKMDGREYPDAQGFAADVRLMFSNCYKYNPPDHEVVAMARKLQDVFEMRFAKMPDEPVEAPALPAPAAPMVSKGAESSRSSEESSSDSGSSDSEEERATRLAELQEQLKAVHEQLAALSQAPVNKPKKKKEKKEKEKKKKDKEKEKEKHKVKAEEEKKAKVAPPAKQAQQKKAPAKKANSTTTAGRQLKKGGKQASASYDSEEEEEGLPMSYDEKRQLSLDINRLPGEKLGRVVHIIQSREPSLRDSNPDEIEIDFETLKPTTLRELERYVKSCLQKKQRKPFSASGKKQAAKSKEELAQEKKKELEKRLQDVSGQLSSSKKPARKEKPGSAPSGGPSRLSSSSSSESGSSSSSGSSSDSSDSE
1630,Tchem,Epigenetic,,607,BRD4_HUMAN,Bromodomain-containing protein 4,O60885,,MSAESGPGTRLRNLPVMGDGLETSQMSTTQAQAQPQPANAASTNPPPPETSNPNKPKRQTNQLQYLLRVVLKTLWKHQFAWPFQQPVDAVKLNLPDYYKIIKTPMDMGTIKKRLENNYYWNAQECIQDFNTMFTNCYIYNKPGDDIVLMAEALEKLFLQKINELPTEETEIMIVQAKGRGRGRKETGTAKPGVSTVPNTTQASTPPQTQTPQPNPPPVQATPHPFPAVTPDLIVQTPVMTVVPPQPLQTPPPVPPQPQPPPAPAPQPVQSHPPIIAATPQPVKTKKGVKRKADTTTPTTIDPIHEPPSLPPEPKTTKLGQRRESSRPVKPPKKDVPDSQQHPAPEKSSKVSEQLKCCSGILKEMFAKKHAAYAWPFYKPVDVEALGLHDYCDIIKHPMDMSTIKSKLEAREYRDAQEFGADVRLMFSNCYKYNPPDHEVVAMARKLQDVFEMRFAKMPDEPEEPVVAVSSPAVPPPTKVVAPPSSSDSSSDSSSDSDSSTDDSEEERAQRLAELQEQLKAVHEQLAALSQPQQNKPKKKEKDKKEKKKEKHKRKEEVEENKKSKAKEPPPKKTKKNNSSNSNVSKKEPAPMKSKPPPTYESEEEDKCKPMSYEEKRQLSLDINKLPGEKLGRVVHIIQSREPSLKNSNPDEIEIDFETLKPSTLRELERYVTSCLRKKRKPQAEKVDVIAGSSKMKGFSSSESESSSESSSSDSEDSETEMAPKSKKKGHPGREQKKHHHHHHQQMQQAPAPVPQQPPPPPQQPPPPPPPQQQQQPPPPPPPPSMPQQAAPAMKSSPPPFIATQVPVLEPQLPGSVFDPIGHFTQPILHLPQPELPPHLPQPPEHSTPPHLNQHAVVSPPALHNALPQQPSRPSNRAAALPPKPARPPAVSPALTQTPLLPQPPMAQPPQVLLEDEEPPAPPLTSMQMQLYLQQLQKVQPPTPLLPSVKVQSQPPPPLPPPPHPSVQQQLQQQPPPPPPPQPQPPPQQQHQPPPRPVHLQPMQFSTHIQQPPPPQGQQPPHPPPGQQPPPPQPAKPQQVIQHHHSPRHHKSDPYSTGHLREAPSPLMIHSPQMSQFQSLTHQSPPQQNVQPKKQELRAASVVQPQPLVVVKEEKIHSPIIRSEPFSPSLRPEPPKHPESIKAPVHLPQRPEMKPVDVGRPVIRPPEQNAPPPGAPDKDKQKQEPKTPVAPKKDLKIKNMGSWASLVQKHPTTPSSTAKSSSDSFEQFRRAAREKEEREKALKAQAEHAEKEKERLRQERMRSREDEDALEQARRAHEEARRRQEQQQQQRQEQQQQQQQQAAAVAAAATPQAQSSQPQSMLDQQRELARKREQERRRREAMAATIDMNFQSDLLSIFEENLF
1631,Tchem,Epigenetic,,64,BRD9_HUMAN,Bromodomain-containing protein 9,Q9H8M2,,MGKKHKKHKAEWRSSYEDYADKPLEKPLKLVLKVGGSEVTELSGSGHDSSYYDDRSDHERERHKEKKKKKKKKSEKEKHLDDEERRKRKEEKKRKREREHCDTEGEADDFDPGKKVEVEPPPDRPVRACRTQPAENESTPIQQLLEHFLRQLQRKDPHGFFAFPVTDAIAPGYSMIIKHPMDFGTMKDKIVANEYKSVTEFKADFKLMCDNAMTYNRPDTVYYKLAKKILHAGFKMMSKQAALLGNEDTAVEEPVPEVVPVQVETAKKSKKPSREVISCMFEPEGNACSLTDSTAEEHVLALVEHAADEARDRINRFLPGGKMGYLKRNGDGSLLYSVVNTAEPDADEEETHPVDLSSLSSKLLPGFTTLGFKDERRNKVTFLSSATTALSMQNNSVFGDLKSDEMELLYSAYGDETGVQCALSLQEFVKDAGSYSKKVVDDLLDQITGGDHSRTLFQLKQRRNVPMKPPDEAKVGDTLGDSSSSVLEFMSMKSYPDVSVDISMLSSLGKVKKELDPDDSHLNLDETTKLLQDLHEAQAERGGSRPSSNLSSLSNASERDQHHLGSPSRLSVGEQPDVTHDPYEFLQSPEPAASAKT
1634,Tchem,Epigenetic,,88,BRPF1_HUMAN,Peregrin,P55201,,MGVDFDVKTFCHNLRATKPPYECPVETCRKVYKSYSGIEYHLYHYDHDNPPPPQQTPLRKHKKKGRQSRPANKQSPSPSEVSQSPGREVMSYAQAQRMVEVDLHGRVHRISIFDNLDVVSEDEEAPEEAPENGSNKENTETPAATPKSGKHKNKEKRKDSNHHHHHNVSASTTPKLPEVVYRELEQDTPDAPPRPTSYYRYIEKSAEELDEEVEYDMDEEDYIWLDIMNERRKTEGVSPIPQEIFEYLMDRLEKESYFESHNKGDPNALVDEDAVCCICNDGECQNSNVILFCDMCNLAVHQECYGVPYIPEGQWLCRRCLQSPSRAVDCALCPNKGGAFKQTDDGRWAHVVCALWIPEVCFANTVFLEPIDSIEHIPPARWKLTCYICKQRGSGACIQCHKANCYTAFHVTCAQQAGLYMKMEPVRETGANGTSFSVRKTAYCDIHTPPGSARRLPALSHSEGEEDEDEEEDEGKGWSSEKVKKAKAKSRIKMKKARKILAEKRAAAPVVSVPCIPPHRLSKITNRLTIQRKSQFMQRLHSYWTLKRQSRNGVPLLRRLQTHLQSQRNCDQVGRDSEDKNWALKEQLKSWQRLRHDLERARLLVELIRKREKLKRETIKVQQIAMEMQLTPFLILLRKTLEQLQEKDTGNIFSEPVPLSEVPDYLDHIKKPMDFFTMKQNLEAYRYLNFDDFEEDFNLIVSNCLKYNAKDTIFYRAAVRLREQGGAVLRQARRQAEKMGIDFETGMHIPHSLAGDEATHHTEDAAEEERLVLLENQKHLPVEEQLKLLLERLDEVNASKQSVGRSRRAKMIKKEMTALRRKLAHQRETGRDGPERHGPSSRGSLTPHPAACDKDGQTDSAAEESSSQETSKGLGPNMSSTPAHEVGRRTSVLFSKKNPKTAGPPKRPGRPPKNRESQMTPSHGGSPVGPPQLPIMSSLRQRKRGRSPRPSSSSDSDSDKSTEDPPMDLPANGFSGGNQPVKKSFLVYRNDCSLPRSSSDSESSSSSSSSAASDRTSTTPSKQGRGKPSFSRGTFPEDSSEDTSGTENEAYSVGTGRGVGHSMVRKSLGRGAGWLSEDEDSPLDALDLVWAKCRGYPSYPALIIDPKMPREGMFHHGVPIPVPPLEVLKLGEQMTQEAREHLYLVLFFDNKRTWQWLPRTKLVPLGVNQDLDKEKMLEGRKSNIRKSVQIAYHRALQHRSKVQGEQSSETSDSD
1705,Tchem,Epigenetic,,51,CARM1_HUMAN,Histone-arginine methyltransferase CARM1,Q86X55,Belongs to the class I-like SAM-binding methyltransferase superfamily. Protein arginine N-methyltransferase family.,MAAAAAAVGPGAGGAGSAVPGGAGPCATVSVFPGARLLTIGDANGEIQRHAEQQALRLEVRAGPDSAGIALYSHEDVCVFKCSVSRETECSRVGKQSFIITLGCNSVLIQFATPNDFCSFYNILKTCRGHTLERSVFSERTEESSAVQYFQFYGYLSQQQNMMQDYVRTGTYQRAILQNHTDFKDKIVLDVGCGSGILSFFAAQAGARKIYAVEASTMAQHAEVLVKSNNLTDRIVVIPGKVEEVSLPEQVDIIISEPMGYMLFNERMLESYLHAKKYLKPSGNMFPTIGDVHLAPFTDEQLYMEQFTKANFWYQPSFHGVDLSALRGAAVDEYFRQPVVDTFDIRILMAKSVKYTVNFLEAKEGDLHRIEIPFKFHMLHSGLVHGLAFWFDVAFIGSIMTVWLSTAPTEPLTHWYQVRCLFQSPLFAKAGDTLSGTCLLIANKRQSYDISIVAQVDQTGSKSSNLLDLKNPFFRYTGTTPSPPPGSHYTSPSENMWNTGSTYNLSSGMAVAGMPTAYDLSSVIASGSSVGHNNLIPLANTGIVNHTHSRMGSIMSTGIVQGSSGAQGSGGGSTSAHYAVNSQFTMGGPAISMASPMSIPTNTMHYGS
1751,Tchem,Epigenetic,,20,BRD7_HUMAN,Bromodomain-containing protein 7,Q9NPI1,,MGKKHKKHKSDKHLYEEYVEKPLKLVLKVGGNEVTELSTGSSGHDSSLFEDKNDHDKHKDRKRKKRKKGEKQIPGEEKGRKRRRVKEDKKKRDRDRVENEAEKDLQCHAPVRLDLPPEKPLTSSLAKQEEVEQTPLQEALNQLMRQLQRKDPSAFFSFPVTDFIAPGYSMIIKHPMDFSTMKEKIKNNDYQSIEELKDNFKLMCTNAMIYNKPETIYYKAAKKLLHSGMKILSQERIQSLKQSIDFMADLQKTRKQKDGTDTSQSGEDGGCWQREREDSGDAEAHAFKSPSKENKKKDKDMLEDKFKSNNLEREQEQLDRIVKESGGKLTRRLVNSQCEFERRKPDGTTTLGLLHPVDPIVGEPGYCPVRLGMTTGRLQSGVNTLQGFKEDKRNKVTPVLYLNYGPYSSYAPHYDSTFANISKDDSDLIYSTYGEDSDLPSDFSIHEFLATCQDYPYVMADSLLDVLTKGGHSRTLQEMEMSLPEDEGHTRTLDTAKEMEITEVEPPGRLDSSTQDRLIALKAVTNFGVPVEVFDSEEAEIFQKKLDETTRLLRELQEAQNERLSTRPPPNMICLLGPSYREMHLAEQVTNNLKELAQQVTPGDIVSTYGVRKAMGISIPSPVMENNFVDLTEDTEEPKKTDVAECGPGGS
1853,Tchem,Epigenetic,,67,CBP_HUMAN,CREB-binding protein,Q92793,,MAENLLDGPPNPKRAKLSSPGFSANDSTDFGSLFDLENDLPDELIPNGGELGLLNSGNLVPDAASKHKQLSELLRGGSGSSINPGIGNVSASSPVQQGLGGQAQGQPNSANMASLSAMGKSPLSQGDSSAPSLPKQAASTSGPTPAASQALNPQAQKQVGLATSSPATSQTGPGICMNANFNQTHPGLLNSNSGHSLINQASQGQAQVMNGSLGAAGRGRGAGMPYPTPAMQGASSSVLAETLTQVSPQMTGHAGLNTAQAGGMAKMGITGNTSPFGQPFSQAGGQPMGATGVNPQLASKQSMVNSLPTFPTDIKNTSVTNVPNMSQMQTSVGIVPTQAIATGPTADPEKRKLIQQQLVLLLHAHKCQRREQANGEVRACSLPHCRTMKNVLNHMTHCQAGKACQVAHCASSRQIISHWKNCTRHDCPVCLPLKNASDKRNQQTILGSPASGIQNTIGSVGTGQQNATSLSNPNPIDPSSMQRAYAALGLPYMNQPQTQLQPQVPGQQPAQPQTHQQMRTLNPLGNNPMNIPAGGITTDQQPPNLISESALPTSLGATNPLMNDGSNSGNIGTLSTIPTAAPPSSTGVRKGWHEHVTQDLRSHLVHKLVQAIFPTPDPAALKDRRMENLVAYAKKVEGDMYESANSRDEYYHLLAEKIYKIQKELEEKRRSRLHKQGILGNQPALPAPGAQPPVIPQAQPVRPPNGPLSLPVNRMQVSQGMNSFNPMSLGNVQLPQAPMGPRAASPMNHSVQMNSMGSVPGMAISPSRMPQPPNMMGAHTNNMMAQAPAQSQFLPQNQFPSSSGAMSVGMGQPPAQTGVSQGQVPGAALPNPLNMLGPQASQLPCPPVTQSPLHPTPPPASTAAGMPSLQHTTPPGMTPPQPAAPTQPSTPVSSSGQTPTPTPGSVPSATQTQSTPTVQAAAQAQVTPQPQTPVQPPSVATPQSSQQQPTPVHAQPPGTPLSQAAASIDNRVPTPSSVASAETNSQQPGPDVPVLEMKTETQAEDTEPDPGESKGEPRSEMMEEDLQGASQVKEETDIAEQKSEPMEVDEKKPEVKVEVKEEEESSSNGTASQSTSPSQPRKKIFKPEELRQALMPTLEALYRQDPESLPFRQPVDPQLLGIPDYFDIVKNPMDLSTIKRKLDTGQYQEPWQYVDDVWLMFNNAWLYNRKTSRVYKFCSKLAEVFEQEIDPVMQSLGYCCGRKYEFSPQTLCCYGKQLCTIPRDAAYYSYQNRYHFCEKCFTEIQGENVTLGDDPSQPQTTISKDQFEKKKNDTLDPEPFVDCKECGRKMHQICVLHYDIIWPSGFVCDNCLKKTGRPRKENKFSAKRLQTTRLGNHLEDRVNKFLRRQNHPEAGEVFVRVVASSDKTVEVKPGMKSRFVDSGEMSESFPYRTKALFAFEEIDGVDVCFFGMHVQEYGSDCPPPNTRRVYISYLDSIHFFRPRCLRTAVYHEILIGYLEYVKKLGYVTGHIWACPPSEGDDYIFHCHPPDQKIPKPKRLQEWYKKMLDKAFAERIIHDYKDIFKQATEDRLTSAKELPYFEGDFWPNVLEESIKELEQEEEERKKEESTAASETTEGSQGDSKNAKKKNNKKTNKNKSSISRANKKKPSMPNVSNDLSQKLYATMEKHKEVFFVIHLHAGPVINTLPPIVDPDPLLSCDLMDGRDAFLTLARDKHWEFSSLRRSKWSTLCMLVELHTQGQDRFVYTCNECKHHVETRWHCTVCEDYDLCINCYNTKSHAHKMVKWGLGLDDEGSSQGEPQSKSPQESRRLSIQRCIQSLVHACQCRNANCSLPSCQKMKRVVQHTKGCKRKTNGGCPVCKQLIALCCYHAKHCQENKCPVPFCLNIKHKLRQQQIQHRLQQAQLMRRRMATMNTRNVPQQSLPSPTSAPPGTPTQQPSTPQTPQPPAQPQPSPVSMSPAGFPSVARTQPPTTVSTGKPTSQVPAPPPPAQPPPAAVEAARQIEREAQQQQHLYRVNINNSMPPGRTGMGTPGSQMAPVSLNVPRPNQVSGPVMPSMPPGQWQQAPLPQQQPMPGLPRPVISMQAQAAVAGPRMPSVQPPRSISPSALQDLLRTLKSPSSPQQQQQVLNILKSNPQLMAAFIKQRTAKYVANQPGMQPQPGLQSQPGMQPQPGMHQQPSLQNLNAMQAGVPRPGVPPQQQAMGGLNPQGQALNIMNPGHNPNMASMNPQYREMLRRQLLQQQQQQQQQQQQQQQQQQGSAGMAGGMAGHGQFQQPQGPGGYPPAMQQQQRMQQHLPLQGSSMGQMAAQMGQLGQMGQPGLGADSTPNIQQALQQRILQQQQMKQQIGSPGQPNPMSPQQHMLSGQPQASHLPGQQIATSLSNQVRSPAPVQSPRPQSQPPHSSPSPRIQPQPSPHHVSPQTGSPHPGLAVTMASSIDQGHLGNPEQSAMLPQLNTPSRSALSSELSLVGDTTGDTLEKFVEGL
4807,Tchem,Epigenetic,,91,DOT1L_HUMAN,"Histone-lysine N-methyltransferase, H3 lysine-79 specific",Q8TEK3,Belongs to the class I-like SAM-binding methyltransferase superfamily. DOT1 family.,MGEKLELRLKSPVGAEPAVYPWPLPVYDKHHDAAHEIIETIRWVCEEIPDLKLAMENYVLIDYDTKSFESMQRLCDKYNRAIDSIHQLWKGTTQPMKLNTRPSTGLLRHILQQVYNHSVTDPEKLNNYEPFSPEVYGETSFDLVAQMIDEIKMTDDDLFVDLGSGVGQVVLQVAAATNCKHHYGVEKADIPAKYAETMDREFRKWMKWYGKKHAEYTLERGDFLSEEWRERIANTSVIFVNNFAFGPEVDHQLKERFANMKEGGRIVSSKPFAPLNFRINSRNLSDIGTIMRVVELSPLKGSVSWTGKPVSYYLHTIDRTILENYFSSLKNPKLREEQEAARRRQQRESKSNAATPTKGPEGKVAGPADAPMDSGAEEEKAGAATVKKPSPSKARKKKLNKKGRKMAGRKRGRPKKMNTANPERKPKKNQTALDALHAQTVSQTAASSPQDAYRSPHSPFYQLPPSVQRHSPNPLLVAPTPPALQKLLESFKIQYLQFLAYTKTPQYKASLQELLGQEKEKNAQLLGAAQQLLSHCQAQKEEIRRLFQQKLDELGVKALTYNDLIQAQKEISAHNQQLREQSEQLEQDNRALRGQSLQLLKARCEELQLDWATLSLEKLLKEKQALKSQISEKQRHCLELQISIVELEKSQRQQELLQLKSCVPPDDALSLHLRGKGALGRELEPDASRLHLELDCTKFSLPHLSSMSPELSMNGQAAGYELCGVLSRPSSKQNTPQYLASPLDQEVVPCTPSHVGRPRLEKLSGLAAPDYTRLSPAKIVLRRHLSQDHTVPGRPAASELHSRAEHTKENGLPYQSPSVPGSMKLSPQDPRPLSPGALQLAGEKSSEKGLRERAYGSSGELITSLPISIPLSTVQPNKLPVSIPLASVVLPSRAERARSTPSPVLQPRDPSSTLEKQIGANAHGAGSRSLALAPAGFSYAGSVAISGALAGSPASLTPGAEPATLDESSSSGSLFATVGSRSSTPQHPLLLAQPRNSLPASPAHQLSSSPRLGGAAQGPLPEASKGDLPSDSGFSDPESEAKRRIVFTITTGAGSAKQSPSSKHSPLTASARGDCVPSHGQDSRRRGRRKRASAGTPSLSAGVSPKRRALPSVAGLFTQPSGSPLNLNSMVSNINQPLEITAISSPETSLKSSPVPYQDHDQPPVLKKERPLSQTNGAHYSPLTSDEEPGSEDEPSSARIERKIATISLESKSPPKTLENGGGLAGRKPAPAGEPVNSSKWKSTFSPISDIGLAKSADSPLQASSALSQNSLFTFRPALEEPSADAKLAAHPRKGFPGSLSGADGLSPGTNPANGCTFGGGLAADLSLHSFSDGASLPHKGPEAAGLSSPLSFPSQRGKEGSDANPFLSKRQLDGLAGLKGEGSRGKEAGEGGLPLCGPTDKTPLLSGKAAKARDREVDLKNGHNLFISAAAVPPGSLLSGPGLAPAASSAGGAASSAQTHRSFLGPFPPGPQFALGPMSLQANLGSVAGSSVLQSLFSSVPAAAGLVHVSSAATRLTNSHAMGSFSGVAGGTVGGVVFNHAVPSASAHPFGARVGRGAACGSATLGPSPLQAAASASASSFQAPASVETRPPPPPPPPPPPLPPPAHLGRSPAGPPVLHAPPPPNAALPPPPTLLASNPEPALLQSLASLPPNQAFLPPTSAASLPPANASLSIKLTSLPHKGARPSFTVHHQPLPRLALAQAAPGIPQASATGPSAVWVSLGMPPPYAAHLSGVKPR
5021,Tchem,Epigenetic,,27,EHMT1_HUMAN,Histone-lysine N-methyltransferase EHMT1,Q9H9B1,Belongs to the class V-like SAM-binding methyltransferase superfamily.,MAAADAEAVPARGEPQQDCCVKTELLGEETPMAADEGSAEKQAGEAHMAADGETNGSCENSDASSHANAAKHTQDSARVNPQDGTNTLTRIAENGVSERDSEAAKQNHVTADDFVQTSVIGSNGYILNKPALQAQPLRTTSTLASSLPGHAAKTLPGGAGKGRTPSAFPQTPAAPPATLGEGSADTEDRKLPAPGADVKVHRARKTMPKSVVGLHAASKDPREVREARDHKEPKEEINKNISDFGRQQLLPPFPSLHQSLPQNQCYMATTKSQTACLPFVLAAAVSRKKKRRMGTYSLVPKKKTKVLKQRTVIEMFKSITHSTVGSKGEKDLGASSLHVNGESLEMDSDEDDSEELEEDDGHGAEQAAAFPTEDSRTSKESMSEADRAQKMDGESEEEQESVDTGEEEEGGDESDLSSESSIKKKFLKRKGKTDSPWIKPARKRRRRSRKKPSGALGSESYKSSAGSAEQTAPGDSTGYMEVSLDSLDLRVKGILSSQAEGLANGPDVLETDGLQEVPLCSCRMETPKSREITTLANNQCMATESVDHELGRCTNSVVKYELMRPSNKAPLLVLCEDHRGRMVKHQCCPGCGYFCTAGNFMECQPESSISHRFHKDCASRVNNASYCPHCGEESSKAKEVTIAKADTTSTVTPVPGQEKGSALEGRADTTTGSAAGPPLSEDDKLQGAASHVPEGFDPTGPAGLGRPTPGLSQGPGKETLESALIALDSEKPKKLRFHPKQLYFSARQGELQKVLLMLVDGIDPNFKMEHQNKRSPLHAAAEAGHVDICHMLVQAGANIDTCSEDQRTPLMEAAENNHLEAVKYLIKAGALVDPKDAEGSTCLHLAAKKGHYEVVQYLLSNGQMDVNCQDDGGWTPMIWATEYKHVDLVKLLLSKGSDINIRDNEENICLHWAAFSGCVDIAEILLAAKCDLHAVNIHGDSPLHIAARENRYDCVVLFLSRDSDVTLKNKEGETPLQCASLNSQVWSALQMSKALQDSAPDRPSPVERIVSRDIARGYERIPIPCVNAVDSEPCPSNYKYVSQNCVTSPMNIDRNITHLQYCVCIDDCSSSNCMCGQLSMRCWYDKDGRLLPEFNMAEPPLIFECNHACSCWRNCRNRVVQNGLRARLQLYRTRDMGWGVRSLQDIPPGTFVCEYVGELISDSEADVREEDSYLFDLDNKDGEVYCIDARFYGNVSRFINHHCEPNLVPVRVFMAHQDLRFPRIAFFSTRLIEAGEQLGFDYGERFWDIKGKLFSCRCGSPKCRHSSAALAQRQASAAQEAQEDGLPDTSSAAAADPL
5022,Tchem,Epigenetic,,129,EHMT2_HUMAN,Histone-lysine N-methyltransferase EHMT2,Q96KQ7,Belongs to the class V-like SAM-binding methyltransferase superfamily. Histone-lysine methyltransferase family. Suvar3-9 subfamily.,MAAAAGAAAAAAAEGEAPAEMGALLLEKETRGATERVHGSLGDTPRSEETLPKATPDSLEPAGPSSPASVTVTVGDEGADTPVGATPLIGDESENLEGDGDLRGGRILLGHATKSFPSSPSKGGSCPSRAKMSMTGAGKSPPSVQSLAMRLLSMPGAQGAAAAGSEPPPATTSPEGQPKVHRARKTMSKPGNGQPPVPEKRPPEIQHFRMSDDVHSLGKVTSDLAKRRKLNSGGGLSEELGSARRSGEVTLTKGDPGSLEEWETVVGDDFSLYYDSYSVDERVDSDSKSEVEALTEQLSEEEEEEEEEEEEEEEEEEEEEEEEDEESGNQSDRSGSSGRRKAKKKWRKDSPWVKPSRKRRKREPPRAKEPRGVNGVGSSGPSEYMEVPLGSLELPSEGTLSPNHAGVSNDTSSLETERGFEELPLCSCRMEAPKIDRISERAGHKCMATESVDGELSGCNAAILKRETMRPSSRVALMVLCETHRARMVKHHCCPGCGYFCTAGTFLECHPDFRVAHRFHKACVSQLNGMVFCPHCGEDASEAQEVTIPRGDGVTPPAGTAAPAPPPLSQDVPGRADTSQPSARMRGHGEPRRPPCDPLADTIDSSGPSLTLPNGGCLSAVGLPLGPGREALEKALVIQESERRKKLRFHPRQLYLSVKQGELQKVILMLLDNLDPNFQSDQQSKRTPLHAAAQKGSVEICHVLLQAGANINAVDKQQRTPLMEAVVNNHLEVARYMVQRGGCVYSKEEDGSTCLHHAAKIGNLEMVSLLLSTGQVDVNAQDSGGWTPIIWAAEHKHIEVIRMLLTRGADVTLTDNEENICLHWASFTGSAAIAEVLLNARCDLHAVNYHGDTPLHIAARESYHDCVLLFLSRGANPELRNKEGDTAWDLTPERSDVWFALQLNRKLRLGVGNRAIRTEKIICRDVARGYENVPIPCVNGVDGEPCPEDYKYISENCETSTMNIDRNITHLQHCTCVDDCSSSNCLCGQLSIRCWYDKDGRLLQEFNKIEPPLIFECNQACSCWRNCKNRVVQSGIKVRLQLYRTAKMGWGVRALQTIPQGTFICEYVGELISDAEADVREDDSYLFDLDNKDGEVYCIDARYYGNISRFINHLCDPNIIPVRVFMLHQDLRFPRIAFFSSRDIRTGEELGFDYGDRFWDIKSKYFTCQCGSEKCKHSAEAIALEQSRLARLDPHPELLPELGSLPPVNT
5214,Tchem,Epigenetic,,40,EP300_HUMAN,Histone acetyltransferase p300,Q09472,,MAENVVEPGPPSAKRPKLSSPALSASASDGTDFGSLFDLEHDLPDELINSTELGLTNGGDINQLQTSLGMVQDAASKHKQLSELLRSGSSPNLNMGVGGPGQVMASQAQQSSPGLGLINSMVKSPMTQAGLTSPNMGMGTSGPNQGPTQSTGMMNSPVNQPAMGMNTGMNAGMNPGMLAAGNGQGIMPNQVMNGSIGAGRGRQNMQYPNPGMGSAGNLLTEPLQQGSPQMGGQTGLRGPQPLKMGMMNNPNPYGSPYTQNPGQQIGASGLGLQIQTKTVLSNNLSPFAMDKKAVPGGGMPNMGQQPAPQVQQPGLVTPVAQGMGSGAHTADPEKRKLIQQQLVLLLHAHKCQRREQANGEVRQCNLPHCRTMKNVLNHMTHCQSGKSCQVAHCASSRQIISHWKNCTRHDCPVCLPLKNAGDKRNQQPILTGAPVGLGNPSSLGVGQQSAPNLSTVSQIDPSSIERAYAALGLPYQVNQMPTQPQVQAKNQQNQQPGQSPQGMRPMSNMSASPMGVNGGVGVQTPSLLSDSMLHSAINSQNPMMSENASVPSLGPMPTAAQPSTTGIRKQWHEDITQDLRNHLVHKLVQAIFPTPDPAALKDRRMENLVAYARKVEGDMYESANNRAEYYHLLAEKIYKIQKELEEKRRTRLQKQNMLPNAAGMVPVSMNPGPNMGQPQPGMTSNGPLPDPSMIRGSVPNQMMPRITPQSGLNQFGQMSMAQPPIVPRQTPPLQHHGQLAQPGALNPPMGYGPRMQQPSNQGQFLPQTQFPSQGMNVTNIPLAPSSGQAPVSQAQMSSSSCPVNSPIMPPGSQGSHIHCPQLPQPALHQNSPSPVPSRTPTPHHTPPSIGAQQPPATTIPAPVPTPPAMPPGPQSQALHPPPRQTPTPPTTQLPQQVQPSLPAAPSADQPQQQPRSQQSTAASVPTPTAPLLPPQPATPLSQPAVSIEGQVSNPPSTSSTEVNSQAIAEKQPSQEVKMEAKMEVDQPEPADTQPEDISESKVEDCKMESTETEERSTELKTEIKEEEDQPSTSATQSSPAPGQSKKKIFKPEELRQALMPTLEALYRQDPESLPFRQPVDPQLLGIPDYFDIVKSPMDLSTIKRKLDTGQYQEPWQYVDDIWLMFNNAWLYNRKTSRVYKYCSKLSEVFEQEIDPVMQSLGYCCGRKLEFSPQTLCCYGKQLCTIPRDATYYSYQNRYHFCEKCFNEIQGESVSLGDDPSQPQTTINKEQFSKRKNDTLDPELFVECTECGRKMHQICVLHHEIIWPAGFVCDGCLKKSARTRKENKFSAKRLPSTRLGTFLENRVNDFLRRQNHPESGEVTVRVVHASDKTVEVKPGMKARFVDSGEMAESFPYRTKALFAFEEIDGVDLCFFGMHVQEYGSDCPPPNQRRVYISYLDSVHFFRPKCLRTAVYHEILIGYLEYVKKLGYTTGHIWACPPSEGDDYIFHCHPPDQKIPKPKRLQEWYKKMLDKAVSERIVHDYKDIFKQATEDRLTSAKELPYFEGDFWPNVLEESIKELEQEEEERKREENTSNESTDVTKGDSKNAKKKNNKKTSKNKSSLSRGNKKKPGMPNVSNDLSQKLYATMEKHKEVFFVIRLIAGPAANSLPPIVDPDPLIPCDLMDGRDAFLTLARDKHLEFSSLRRAQWSTMCMLVELHTQSQDRFVYTCNECKHHVETRWHCTVCEDYDLCITCYNTKNHDHKMEKLGLGLDDESNNQQAAATQSPGDSRRLSIQRCIQSLVHACQCRNANCSLPSCQKMKRVVQHTKGCKRKTNGGCPICKQLIALCCYHAKHCQENKCPVPFCLNIKQKLRQQQLQHRLQQAQMLRRRMASMQRTGVVGQQQGLPSPTPATPTTPTGQQPTTPQTPQPTSQPQPTPPNSMPPYLPRTQAAGPVSQGKAAGQVTPPTPPQTAQPPLPGPPPAAVEMAMQIQRAAETQRQMAHVQIFQRPIQHQMPPMTPMAPMGMNPPPMTRGPSGHLEPGMGPTGMQQQPPWSQGGLPQPQQLQSGMPRPAMMSVAQHGQPLNMAPQPGLGQVGISPLKPGTVSQQALQNLLRTLRSPSSPLQQQQVLSILHANPQLLAAFIKQRAAKYANSNPQPIPGQPGMPQGQPGLQPPTMPGQQGVHSNPAMQNMNPMQAGVQRAGLPQQQPQQQLQPPMGGMSPQAQQMNMNHNTMPSQFRDILRRQQMMQQQQQQGAGPGIGPGMANHNQFQQPQGVGYPPQQQQRMQHHMQQMQQGNMGQIGQLPQALGAEAGASLQAYQQRLLQQQMGSPVQPNPMSPQQHMLPNQAQSPHLQGQQIPNSLSNQVRSPQPVPSPRPQSQPPHSSPSPRMQPQPSPHHVSPQTSSPHPGLVAAQANPMEQGHFASPDQNSMLSQLASNPGMANLHGASATDLGLSTDNSDLNSNLSQSTLDIH
5679,Tchem,Epigenetic,,475,EZH2_HUMAN,Histone-lysine N-methyltransferase EZH2,Q15910,Belongs to the class V-like SAM-binding methyltransferase superfamily. Histone-lysine methyltransferase family. EZ subfamily.,MGQTGKKSEKGPVCWRKRVKSEYMRLRQLKRFRRADEVKSMFSSNRQKILERTEILNQEWKQRRIQPVHILTSVSSLRGTRECSVTSDLDFPTQVIPLKTLNAVASVPIMYSWSPLQQNFMVEDETVLHNIPYMGDEVLDQDGTFIEELIKNYDGKVHGDRECGFINDEIFVELVNALGQYNDDDDDDDGDDPEEREEKQKDLEDHRDDKESRPPRKFPSDKIFEAISSMFPDKGTAEELKEKYKELTEQQLPGALPPECTPNIDGPNAKSVQREQSLHSFHTLFCRRCFKYDCFLHPFHATPNTYKRKNTETALDNKPCGPQCYQHLEGAKEFAAALTAERIKTPPKRPGGRRRGRLPNNSSRPSTPTINVLESKDTDSDREAGTETGGENNDKEEEEKKDETSSSSEANSRCQTPIKMKPNIEPPENVEWSGAEASMFRVLIGTYYDNFCAIARLIGTKTCRQVYEFRVKESSIIAPAPAEDVDTPPRKKKRKHRLWAAHCRKIQLKKDGSSNHVYNYQPCDHPRQPCDSSCPCVIAQNFCEKFCQCSSECQNRFPGCRCKAQCNTKQCPCYLAVRECDPDLCLTCGAADHWDSKNVSCKNCSIQRGSKKHLLLAPSDVAGWGIFIKDPVQKNEFISEYCGEIISQDEADRRGKVYDKYMCSFLFNLNNDFVVDATRKGNKIRFANHSVNPNCYAKVMMVNGDHRIGIFAKRAIQTGEELFFDYRYSQADALKYVGIEREMEIP
7136,Tclin,Epigenetic,histone_deacetylase,240,HDA10_HUMAN,Histone deacetylase 10,Q969S8,Belongs to the histone deacetylase family. HD type 2 subfamily.,MGTALVYHEDMTATRLLWDDPECEIERPERLTAALDRLRQRGLEQRCLRLSAREASEEELGLVHSPEYVSLVRETQVLGKEELQALSGQFDAIYFHPSTFHCARLAAGAGLQLVDAVLTGAVQNGLALVRPPGHHGQRAAANGFCVFNNVAIAAAHAKQKHGLHRILVVDWDVHHGQGIQYLFEDDPSVLYFSWHRYEHGRFWPFLRESDADAVGRGQGLGFTVNLPWNQVGMGNADYVAAFLHLLLPLAFEFDPELVLVSAGFDSAIGDPEGQMQATPECFAHLTQLLQVLAGGRVCAVLEGGYHLESLAESVCMTVQTLLGDPAPPLSGPMAPCQSALESIQSARAAQAPHWKSLQQQDVTAVPMSPSSHSPEGRPPPLLPGGPVCKAAASAPSSLLDQPCLCPAPSVRTAVALTTPDITLVLPPDVIQQEASALREETEAWARPHESLAREEALTALGKLLYLLDGMLDGQVNSGIAATPASAAAATLDVAVRRGLSHGAQRLLCVALGQLDRPPDLAHDGRSLWLNIRGKEAAALSMFHVSTPLPVMTGGFLSCILGLVLPLAYGFQPDLVLVALGPGHGLQGPHAALLAAMLRGLAGGRVLALLEENSTPQLAGILARVLNGEAPPSLGPSSVASPEDVQALMYLRGQLEPQWKMLQCHPHLVA
7228,Tclin,Epigenetic,histone_deacetylase,763,HDAC8_HUMAN,Histone deacetylase 8,Q9BY41,Belongs to the histone deacetylase family. HD type 1 subfamily.,MEEPEEPADSGQSLVPVYIYSPEYVSMCDSLAKIPKRASMVHSLIEAYALHKQMRIVKPKVASMEEMATFHTDAYLQHLQKVSQEGDDDHPDSIEYGLGYDCPATEGIFDYAAAIGGATITAAQCLIDGMCKVAINWSGGWHHAKKDEASGFCYLNDAVLGILRLRRKFERILYVDLDLHHGDGVEDAFSFTSKVMTVSLHKFSPGFFPGTGDVSDVGLGKGRYYSVNVPIQDGIQDEKYYQICESVLKEVYQAFNPKAVVLQLGADTIAGDPMCSFNMTPVGIGKCLKYILQWQLATLILGGGGYNLANTARCWTYLTGVILGKTLSSEIPDHEFFTAYGPDYVLEITPSCRPDRNEPHRIQQILNYIKGNLKHVV
7229,Tclin,Epigenetic,histone_deacetylase,141,HDAC9_HUMAN,Histone deacetylase 9,Q9UKV0,Belongs to the histone deacetylase family. HD type 2 subfamily.,MHSMISSVDVKSEVPVGLEPISPLDLRTDLRMMMPVVDPVVREKQLQQELLLIQQQQQIQKQLLIAEFQKQHENLTRQHQAQLQEHIKELLAIKQQQELLEKEQKLEQQRQEQEVERHRREQQLPPLRGKDRGRERAVASTEVKQKLQEFLLSKSATKDTPTNGKNHSVSRHPKLWYTAAHHTSLDQSSPPLSGTSPSYKYTLPGAQDAKDDFPLRKTASEPNLKVRSRLKQKVAERRSSPLLRRKDGNVVTSFKKRMFEVTESSVSSSSPGSGPSSPNNGPTGSVTENETSVLPPTPHAEQMVSQQRILIHEDSMNLLSLYTSPSLPNITLGLPAVPSQLNASNSLKEKQKCETQTLRQGVPLPGQYGGSIPASSSHPHVTLEGKPPNSSHQALLQHLLLKEQMRQQKLLVAGGVPLHPQSPLATKERISPGIRGTHKLPRHRPLNRTQSAPLPQSTLAQLVIQQQHQQFLEKQKQYQQQIHMNKLLSKSIEQLKQPGSHLEEAEEELQGDQAMQEDRAPSSGNSTRSDSSACVDDTLGQVGAVKVKEEPVDSDEDAQIQEMESGEQAAFMQQPFLEPTHTRALSVRQAPLAAVGMDGLEKHRLVSRTHSSPAASVLPHPAMDRPLQPGSATGIAYDPLMLKHQCVCGNSTTHPEHAGRIQSIWSRLQETGLLNKCERIQGRKASLEEIQLVHSEHHSLLYGTNPLDGQKLDPRILLGDDSQKFFSSLPCGGLGVDSDTIWNELHSSGAARMAVGCVIELASKVASGELKNGFAVVRPPGHHAEESTAMGFCFFNSVAITAKYLRDQLNISKILIVDLDVHHGNGTQQAFYADPSILYISLHRYDEGNFFPGSGAPNEVGTGLGEGYNINIAWTGGLDPPMGDVEYLEAFRTIVKPVAKEFDPDMVLVSAGFDALEGHTPPLGGYKVTAKCFGHLTKQLMTLADGRVVLALEGGHDLTAICDASEACVNALLGNELEPLAEDILHQSPNMNAVISLQKIIEIQSMSLKFS
7334,Tclin,Epigenetic,histone_deacetylase,158,HDA11_HUMAN,Histone deacetylase 11,Q96DB2,Belongs to the histone deacetylase family.,MLHTTQLYQHVPETRWPIVYSPRYNITFMGLEKLHPFDAGKWGKVINFLKEEKLLSDSMLVEAREASEEDLLVVHTRRYLNELKWSFAVATITEIPPVIFLPNFLVQRKVLRPLRTQTGGTIMAGKLAVERGWAINVGGGFHHCSSDRGGGFCAYADITLAIKFLFERVEGISRATIIDLDAHQGNGHERDFMDDKRVYIMDVYNRHIYPGDRFAKQAIRRKVELEWGTEDDEYLDKVERNIKKSLQEHLPDVVVYNAGTDILEGDRLGGLSISPAGIVKRDELVFRMVRGRRVPILMVTSGGYQKRTARIIADSILNLFGLGLIGPESPSVSAQNSDTPLLPPAVP
7335,Tclin,Epigenetic,histone_deacetylase,2848,HDAC1_HUMAN,Histone deacetylase 1,Q13547,Belongs to the histone deacetylase family. HD type 1 subfamily.,MAQTQGTRRKVCYYYDGDVGNYYYGQGHPMKPHRIRMTHNLLLNYGLYRKMEIYRPHKANAEEMTKYHSDDYIKFLRSIRPDNMSEYSKQMQRFNVGEDCPVFDGLFEFCQLSTGGSVASAVKLNKQQTDIAVNWAGGLHHAKKSEASGFCYVNDIVLAILELLKYHQRVLYIDIDIHHGDGVEEAFYTTDRVMTVSFHKYGEYFPGTGDLRDIGAGKGKYYAVNYPLRDGIDDESYEAIFKPVMSKVMEMFQPSAVVLQCGSDSLSGDRLGCFNLTIKGHAKCVEFVKSFNLPMLMLGGGGYTIRNVARCWTYETAVALDTEIPNELPYNDYFEYFGPDFKLHISPSNMTNQNTNEYLEKIKQRLFENLRMLPHAPGVQMQAIPEDAIPEESGDEDEDDPDKRISICSSDKRIACEEEFSDSEEEGEGGRKNSSNFKKAKRVKTEDEKEKDPEEKKEVTEEEKTKEEKPEAKGVKEEVKLA
7336,Tclin,Epigenetic,histone_deacetylase,867,HDAC2_HUMAN,Histone deacetylase 2,Q92769,Belongs to the histone deacetylase family. HD type 1 subfamily.,MAYSQGGGKKKVCYYYDGDIGNYYYGQGHPMKPHRIRMTHNLLLNYGLYRKMEIYRPHKATAEEMTKYHSDEYIKFLRSIRPDNMSEYSKQMQRFNVGEDCPVFDGLFEFCQLSTGGSVAGAVKLNRQQTDMAVNWAGGLHHAKKSEASGFCYVNDIVLAILELLKYHQRVLYIDIDIHHGDGVEEAFYTTDRVMTVSFHKYGEYFPGTGDLRDIGAGKGKYYAVNFPMRDGIDDESYGQIFKPIISKVMEMYQPSAVVLQCGADSLSGDRLGCFNLTVKGHAKCVEVVKTFNLPLLMLGGGGYTIRNVARCWTYETAVALDCEIPNELPYNDYFEYFGPDFKLHISPSNMTNQNTPEYMEKIKQRLFENLRMLPHAPGVQMQAIPEDAVHEDSGDEDGEDPDKRISIRASDKRIACDEEFSDSEDEGEGGRRNVADHKKGAKKARIEEDKKETEDKKTDVKEEDKSKDNSGEKTDTKGTKSEQLSNP
7412,Tclin,Epigenetic,histone_deacetylase,498,HDAC4_HUMAN,Histone deacetylase 4,P56524,Belongs to the histone deacetylase family. HD type 2 subfamily.,MSSQSHPDGLSGRDQPVELLNPARVNHMPSTVDVATALPLQVAPSAVPMDLRLDHQFSLPVAEPALREQQLQQELLALKQKQQIQRQILIAEFQRQHEQLSRQHEAQLHEHIKQQQEMLAMKHQQELLEHQRKLERHRQEQELEKQHREQKLQQLKNKEKGKESAVASTEVKMKLQEFVLNKKKALAHRNLNHCISSDPRYWYGKTQHSSLDQSSPPQSGVSTSYNHPVLGMYDAKDDFPLRKTASEPNLKLRSRLKQKVAERRSSPLLRRKDGPVVTALKKRPLDVTDSACSSAPGSGPSSPNNSSGSVSAENGIAPAVPSIPAETSLAHRLVAREGSAAPLPLYTSPSLPNITLGLPATGPSAGTAGQQDAERLTLPALQQRLSLFPGTHLTPYLSTSPLERDGGAAHSPLLQHMVLLEQPPAQAPLVTGLGALPLHAQSLVGADRVSPSIHKLRQHRPLGRTQSAPLPQNAQALQHLVIQQQHQQFLEKHKQQFQQQQLQMNKIIPKPSEPARQPESHPEETEEELREHQALLDEPYLDRLPGQKEAHAQAGVQVKQEPIESDEEEAEPPREVEPGQRQPSEQELLFRQQALLLEQQRIHQLRNYQASMEAAGIPVSFGGHRPLSRAQSSPASATFPVSVQEPPTKPRFTTGLVYDTLMLKHQCTCGSSSSHPEHAGRIQSIWSRLQETGLRGKCECIRGRKATLEELQTVHSEAHTLLYGTNPLNRQKLDSKKLLGSLASVFVRLPCGGVGVDSDTIWNEVHSAGAARLAVGCVVELVFKVATGELKNGFAVVRPPGHHAEESTPMGFCYFNSVAVAAKLLQQRLSVSKILIVDWDVHHGNGTQQAFYSDPSVLYMSLHRYDDGNFFPGSGAPDEVGTGPGVGFNVNMAFTGGLDPPMGDAEYLAAFRTVVMPIASEFAPDVVLVSSGFDAVEGHPTPLGGYNLSARCFGYLTKQLMGLAGGRIVLALEGGHDLTAICDASEACVSALLGNELDPLPEKVLQQRPNANAVRSMEKVMEIHSKYWRCLQRTTSTAGRSLIEAQTCENEEAETVTAMASLSVGVKPAEKRPDEEPMEEEPPL
7425,Tclin,Epigenetic,histone_deacetylase,770,HDAC3_HUMAN,Histone deacetylase 3,O15379,Belongs to the histone deacetylase family. HD type 1 subfamily.,MAKTVAYFYDPDVGNFHYGAGHPMKPHRLALTHSLVLHYGLYKKMIVFKPYQASQHDMCRFHSEDYIDFLQRVSPTNMQGFTKSLNAFNVGDDCPVFPGLFEFCSRYTGASLQGATQLNNKICDIAINWAGGLHHAKKFEASGFCYVNDIVIGILELLKYHPRVLYIDIDIHHGDGVQEAFYLTDRVMTVSFHKYGNYFFPGTGDMYEVGAESGRYYCLNVPLRDGIDDQSYKHLFQPVINQVVDFYQPTCIVLQCGADSLGCDRLGCFNLSIRGHGECVEYVKSFNIPLLVLGGGGYTVRNVARCWTYETSLLVEEAISEELPYSEYFEYFAPDFTLHPDVSTRIENQNSRQYLDQIRQTIFENLKMLNHAPSVQIHDVPADLLTYDRTDEADAEERGPEENYSRPEAPNEFYDGDHDNDKESDVEI
7426,Tclin,Epigenetic,histone_deacetylase,139,HDAC5_HUMAN,Histone deacetylase 5,Q9UQL6,Belongs to the histone deacetylase family. HD type 2 subfamily.,MNSPNESDGMSGREPSLEILPRTSLHSIPVTVEVKPVLPRAMPSSMGGGGGGSPSPVELRGALVGSVDPTLREQQLQQELLALKQQQQLQKQLLFAEFQKQHDHLTRQHEVQLQKHLKQQQEMLAAKQQQEMLAAKRQQELEQQRQREQQRQEELEKQRLEQQLLILRNKEKSKESAIASTEVKLRLQEFLLSKSKEPTPGGLNHSLPQHPKCWGAHHASLDQSSPPQSGPPGTPPSYKLPLPGPYDSRDDFPLRKTASEPNLKVRSRLKQKVAERRSSPLLRRKDGTVISTFKKRAVEITGAGPGASSVCNSAPGSGPSSPNSSHSTIAENGFTGSVPNIPTEMLPQHRALPLDSSPNQFSLYTSPSLPNISLGLQATVTVTNSHLTASPKLSTQQEAERQALQSLRQGGTLTGKFMSTSSIPGCLLGVALEGDGSPHGHASLLQHVLLLEQARQQSTLIAVPLHGQSPLVTGERVATSMRTVGKLPRHRPLSRTQSSPLPQSPQALQQLVMQQQHQQFLEKQKQQQLQLGKILTKTGELPRQPTTHPEETEEELTEQQEVLLGEGALTMPREGSTESESTQEDLEEEDEEDDGEEEEDCIQVKDEEGESGAEEGPDLEEPGAGYKKLFSDAQPLQPLQVYQAPLSLATVPHQALGRTQSSPAAPGGMKSPPDQPVKHLFTTGVVYDTFMLKHQCMCGNTHVHPEHAGRIQSIWSRLQETGLLSKCERIRGRKATLDEIQTVHSEYHTLLYGTSPLNRQKLDSKKLLGPISQKMYAVLPCGGIGVDSDTVWNEMHSSSAVRMAVGCLLELAFKVAAGELKNGFAIIRPPGHHAEESTAMGFCFFNSVAITAKLLQQKLNVGKVLIVDWDIHHGNGTQQAFYNDPSVLYISLHRYDNGNFFPGSGAPEEVGGGPGVGYNVNVAWTGGVDPPIGDVEYLTAFRTVVMPIAHEFSPDVVLVSAGFDAVEGHLSPLGGYSVTARCFGHLTRQLMTLAGGRVVLALEGGHDLTAICDASEACVSALLSVELQPLDEAVLQQKPNINAVATLEKVIEIQSKHWSCVQKFAAGLGRSLREAQAGETEEAETVSAMALLSVGAEQAQAAAAREHSPRPAEEPMEQEPAL
7427,Tclin,Epigenetic,,1913,HDAC6_HUMAN,Histone deacetylase 6,Q9UBN7,Belongs to the histone deacetylase family. HD type 2 subfamily.,MTSTGQDSTTTRQRRSRQNPQSPPQDSSVTSKRNIKKGAVPRSIPNLAEVKKKGKMKKLGQAMEEDLIVGLQGMDLNLEAEALAGTGLVLDEQLNEFHCLWDDSFPEGPERLHAIKEQLIQEGLLDRCVSFQARFAEKEELMLVHSLEYIDLMETTQYMNEGELRVLADTYDSVYLHPNSYSCACLASGSVLRLVDAVLGAEIRNGMAIIRPPGHHAQHSLMDGYCMFNHVAVAARYAQQKHRIRRVLIVDWDVHHGQGTQFTFDQDPSVLYFSIHRYEQGRFWPHLKASNWSTTGFGQGQGYTINVPWNQVGMRDADYIAAFLHVLLPVALEFQPQLVLVAAGFDALQGDPKGEMAATPAGFAQLTHLLMGLAGGKLILSLEGGYNLRALAEGVSASLHTLLGDPCPMLESPGAPCRSAQASVSCALEALEPFWEVLVRSTETVERDNMEEDNVEESEEEGPWEPPVLPILTWPVLQSRTGLVYDQNMMNHCNLWDSHHPEVPQRILRIMCRLEELGLAGRCLTLTPRPATEAELLTCHSAEYVGHLRATEKMKTRELHRESSNFDSIYICPSTFACAQLATGAACRLVEAVLSGEVLNGAAVVRPPGHHAEQDAACGFCFFNSVAVAARHAQTISGHALRILIVDWDVHHGNGTQHMFEDDPSVLYVSLHRYDHGTFFPMGDEGASSQIGRAAGTGFTVNVAWNGPRMGDADYLAAWHRLVLPIAYEFNPELVLVSAGFDAARGDPLGGCQVSPEGYAHLTHLLMGLASGRIILILEGGYNLTSISESMAACTRSLLGDPPPLLTLPRPPLSGALASITETIQVHRRYWRSLRVMKVEDREGPSSSKLVTKKAPQPAKPRLAERMTTREKKVLEAGMGKVTSASFGEESTPGQTNSETAVVALTQDQPSEAATGGATLAQTISEAAIGGAMLGQTTSEEAVGGATPDQTTSEETVGGAILDQTTSEDAVGGATLGQTTSEEAVGGATLAQTTSEAAMEGATLDQTTSEEAPGGTELIQTPLASSTDHQTPPTSPVQGTTPQISPSTLIGSLRTLELGSESQGASESQAPGEENLLGEAAGGQDMADSMLMQGSRGLTDQAIFYAVTPLPWCPHLVAVCPIPAAGLDVTQPCGDCGTIQENWVCLSCYQVYCGRYINGHMLQHHGNSGHPLVLSYIDLSAWCYYCQAYVHHQALLDVKNIAHQNKFGEDMPHPH
7428,Tclin,Epigenetic,histone_deacetylase,122,HDAC7_HUMAN,Histone deacetylase 7,Q8WUI4,Belongs to the histone deacetylase family. HD type 2 subfamily.,MDLRVGQRPPVEPPPEPTLLALQRPQRLHHHLFLAGLQQQRSVEPMRLSMDTPMPELQVGPQEQELRQLLHKDKSKRSAVASSVVKQKLAEVILKKQQAALERTVHPNSPGIPYRTLEPLETEGATRSMLSSFLPPVPSLPSDPPEHFPLRKTVSEPNLKLRYKPKKSLERRKNPLLRKESAPPSLRRRPAETLGDSSPSSSSTPASGCSSPNDSEHGPNPILGSEALLGQRLRLQETSVAPFALPTVSLLPAITLGLPAPARADSDRRTHPTLGPRGPILGSPHTPLFLPHGLEPEAGGTLPSRLQPILLLDPSGSHAPLLTVPGLGPLPFHFAQSLMTTERLSGSGLHWPLSRTRSEPLPPSATAPPPPGPMQPRLEQLKTHVQVIKRSAKPSEKPRLRQIPSAEDLETDGGGPGQVVDDGLEHRELGHGQPEARGPAPLQQHPQVLLWEQQRLAGRLPRGSTGDTVLLPLAQGGHRPLSRAQSSPAAPASLSAPEPASQARVLSSSETPARTLPFTTGLIYDSVMLKHQCSCGDNSRHPEHAGRIQSIWSRLQERGLRSQCECLRGRKASLEELQSVHSERHVLLYGTNPLSRLKLDNGKLAGLLAQRMFVMLPCGGVGVDTDTIWNELHSSNAARWAAGSVTDLAFKVASRELKNGFAVVRPPGHHADHSTAMGFCFFNSVAIACRQLQQQSKASKILIVDWDVHHGNGTQQTFYQDPSVLYISLHRHDDGNFFPGSGAVDEVGAGSGEGFNVNVAWAGGLDPPMGDPEYLAAFRIVVMPIAREFSPDLVLVSAGFDAAEGHPAPLGGYHVSAKCFGYMTQQLMNLAGGAVVLALEGGHDLTAICDASEACVAALLGNRVDPLSEEGWKQKPNLNAIRSLEAVIRVHSKYWGCMQRLASCPDSWVPRVPGADKEEVEAVTALASLSVGILAEDRPSEQLVEEEEPMNL
8339,Tchem,Epigenetic,,35,KDM4B_HUMAN,Lysine-specific demethylase 4B,O94953,Belongs to the JHDM3 histone demethylase family.,MGSEDHGAQNPSCKIMTFRPTMEEFKDFNKYVAYIESQGAHRAGLAKIIPPKEWKPRQTYDDIDDVVIPAPIQQVVTGQSGLFTQYNIQKKAMTVGEYRRLANSEKYCTPRHQDFDDLERKYWKNLTFVSPIYGADISGSLYDDDVAQWNIGSLRTILDMVERECGTIIEGVNTPYLYFGMWKTTFAWHTEDMDLYSINYLHFGEPKSWYAIPPEHGKRLERLAIGFFPGSSQGCDAFLRHKMTLISPIILKKYGIPFSRITQEAGEFMITFPYGYHAGFNHGFNCAESTNFATLRWIDYGKVATQCTCRKDMVKISMDVFVRILQPERYELWKQGKDLTVLDHTRPTALTSPELSSWSASRASLKAKLLRRSHRKRSQPKKPKPEDPKFPGEGTAGAALLEEAGGSVKEEAGPEVDPEEEEEEPQPLPHGREAEGAEEDGRGKLRPTKAKSERKKKSFGLLPPQLPPPPAHFPSEEALWLPSPLEPPVLGPGPAAMEESPLPAPLNVVPPEVPSEELEAKPRPIIPMLYVVPRPGKAAFNQEHVSCQQAFEHFAQKGPTWKEPVSPMELTGPEDGAASSGAGRMETKARAGEGQAPSTFSKLKMEIKKSRRHPLGRPPTRSPLSVVKQEASSDEEASPFSGEEDVSDPDALRPLLSLQWKNRAASFQAERKFNAAAARTEPYCAICTLFYPYCQALQTEKEAPIASLGKGCPATLPSKSRQKTRPLIPEMCFTSGGENTEPLPANSYIGDDGTSPLIACGKCCLQVHASCYGIRPELVNEGWTCSRCAAHAWTAECCLCNLRGGALQMTTDRRWIHVICAIAVPEARFLNVIERHPVDISAIPEQRWKLKCVYCRKRMKKVSGACIQCSYEHCSTSFHVTCAHAAGVLMEPDDWPYVVSITCLKHKSGGHAVQLLRAVSLGQVVITKNRNGLYYRCRVIGAASQTCYEVNFDDGSYSDNLYPESITSRDCVQLGPPSEGELVELRWTDGNLYKAKFISSVTSHIYQVEFEDGSQLTVKRGDIFTLEEELPKRVRSRLSLSTGAPQEPAFSGEEAKAAKRPRVGTPLATEDSGRSQDYVAFVESLLQVQGRPGAPF
8601,Tchem,Epigenetic,,82,KDM4C_HUMAN,Lysine-specific demethylase 4C,Q9H3R0,Belongs to the JHDM3 histone demethylase family.,MEVAEVESPLNPSCKIMTFRPSMEEFREFNKYLAYMESKGAHRAGLAKVIPPKEWKPRQCYDDIDNLLIPAPIQQMVTGQSGLFTQYNIQKKAMTVKEFRQLANSGKYCTPRYLDYEDLERKYWKNLTFVAPIYGADINGSIYDEGVDEWNIARLNTVLDVVEEECGISIEGVNTPYLYFGMWKTTFAWHTEDMDLYSINYLHFGEPKSWYAIPPEHGKRLERLAQGFFPSSSQGCDAFLRHKMTLISPSVLKKYGIPFDKITQEAGEFMITFPYGYHAGFNHGFNCAESTNFATVRWIDYGKVAKLCTCRKDMVKISMDIFVRKFQPDRYQLWKQGKDIYTIDHTKPTPASTPEVKAWLQRRRKVRKASRSFQCARSTSKRPKADEEEEVSDEVDGAEVPNPDSVTDDLKVSEKSEAAVKLRNTEASSEEESSASRMQVEQNLSDHIKLSGNSCLSTSVTEDIKTEDDKAYAYRSVPSISSEADDSIPLSSGYEKPEKSDPSELSWPKSPESCSSVAESNGVLTEGEESDVESHGNGLEPGEIPAVPSGERNSFKVPSIAEGENKTSKSWRHPLSRPPARSPMTLVKQQAPSDEELPEVLSIEEEVEETESWAKPLIHLWQTKSPNFAAEQEYNATVARMKPHCAICTLLMPYHKPDSSNEENDARWETKLDEVVTSEGKTKPLIPEMCFIYSEENIEYSPPNAFLEEDGTSLLISCAKCCVRVHASCYGIPSHEICDGWLCARCKRNAWTAECCLCNLRGGALKQTKNNKWAHVMCAVAVPEVRFTNVPERTQIDVGRIPLQRLKLKCIFCRHRVKRVSGACIQCSYGRCPASFHVTCAHAAGVLMEPDDWPYVVNITCFRHKVNPNVKSKACEKVISVGQTVITKHRNTRYYSCRVMAVTSQTFYEVMFDDGSFSRDTFPEDIVSRDCLKLGPPAEGEVVQVKWPDGKLYGAKYFGSNIAHMYQVEFEDGSQIAMKREDIYTLDEELPKRVKARFSTASDMRFEDTFYGADIIQGERKRQRVLSSRFKNEYVADPVYRTFLKSSFQKKCQKRQ
8603,Tchem,Epigenetic,,25,KDM4E_HUMAN,Lysine-specific demethylase 4E,B2RXH2,Belongs to the JHDM3 histone demethylase family.,MKSVHSSPQNTSHTIMTFYPTMEEFADFNTYVAYMESQGAHQAGLAKVIPPKEWKARQMYDDIEDILIATPLQQVTSGQGGVFTQYHKKKKAMRVGQYRRLANSKKYQTPPHQNFADLEQRYWKSHPGNPPIYGADISGSLFEESTKQWNLGHLGTILDLLEQECGVVIEGVNTPYLYFGMWKTTFAWHTEDMDLYSINYLHFGEPKTWYVVPPEHGQHLERLARELFPDISRGCEAFLRHKVALISPTVLKENGIPFNCMTQEAGEFMVTFPYGYHAGFNHGFNCAEAINFATPRWIDYGKMASQCSCGESTVTFSMDPFVRIVQPESYELWKHRQDLAIVEHTEPRVAESQELSNWRDDIVLRRAALGLRLLPNLTAQCPTQPVSSGHCYNPKGCGTDAVPGSAFQSSAYHTQTQSLTLGMSARVLLPSTGSWGSGRGRGRGQGQGRGCSRGRGHGCCTRELGTEEPTVQPASKRRLLMGTRSRAQGHRPQLPLANDLMTNLSL
8789,Tchem,Epigenetic,,30,KDM2A_HUMAN,Lysine-specific demethylase 2A,Q9Y2K7,Belongs to the JHDM1 histone demethylase family.,MEPEEERIRYSQRLRGTMRRRYEDDGISDDEIEGKRTFDLEEKLHTNKYNANFVTFMEGKDFNVEYIQRGGLRDPLIFKNSDGLGIKMPDPDFTVNDVKMCVGSRRMVDVMDVNTQKGIEMTMAQWTRYYETPEEEREKLYNVISLEFSHTRLENMVQRPSTVDFIDWVDNMWPRHLKESQTESTNAILEMQYPKVQKYCLMSVRGCYTDFHVDFGGTSVWYHIHQGGKVFWLIPPTAHNLELYENWLLSGKQGDIFLGDRVSDCQRIELKQGYTFVIPSGWIHAVYTPTDTLVFGGNFLHSFNIPMQLKIYNIEDRTRVPNKFRYPFYYEMCWYVLERYVYCITNRSHLTKEFQKESLSMDLELNGLESGNGDEEAVDREPRRLSSRRSVLTSPVANGVNLDYDGLGKTCRSLPSLKKTLAGDSSSDCSRGSHNGQVWDPQCAPRKDRQVHLTHFELEGLRCLVDKLESLPLHKKCVPTGIEDEDALIADVKILLEELANSDPKLALTGVPIVQWPKRDKLKFPTRPKVRVPTIPITKPHTMKPAPRLTPVRPAAASPIVSGARRRRVRCRKCKACVQGECGVCHYCRDMKKFGGPGRMKQSCVLRQCLAPRLPHSVTCSLCGEVDQNEETQDFEKKLMECCICNEIVHPGCLQMDGEGLLNEELPNCWECPKCYQEDSSEKAQKRKMEESDEEAVQAKVLRPLRSCDEPLTPPPHSPTSMLQLIHDPVSPRGMVTRSSPGAGPSDHHSASRDERFKRRQLLRLQATERTMVREKENNPSGKKELSEVEKAKIRGSYLTVTLQRPTKELHGTSIVPKLQAITASSANLRHSPRVLVQHCPARTPQRGDEEGLGGEEEEEEEEEEEDDSAEEGGAARLNGRGSWAQDGDESWMQREVWMSVFRYLSRRELCECMRVCKTWYKWCCDKRLWTKIDLSRCKAIVPQALSGIIKRQPVSLDLSWTNISKKQLTWLVNRLPGLKDLLLAGCSWSAVSALSTSSCPLLRTLDLRWAVGIKDPQIRDLLTPPADKPGQDNRSKLRNMTDFRLAGLDITDATLRLIIRHMPLLSRLDLSHCSHLTDQSSNLLTAVGSSTRYSLTELNMAGCNKLTDQTLIYLRRIANVTLIDLRGCKQITRKACEHFISDLSINSLYCLSDEKLIQKIS
8792,Tchem,Epigenetic,,52,KDM4A_HUMAN,Lysine-specific demethylase 4A,O75164,Belongs to the JHDM3 histone demethylase family.,MASESETLNPSARIMTFYPTMEEFRNFSRYIAYIESQGAHRAGLAKVVPPKEWKPRASYDDIDDLVIPAPIQQLVTGQSGLFTQYNIQKKAMTVREFRKIANSDKYCTPRYSEFEELERKYWKNLTFNPPIYGADVNGTLYEKHVDEWNIGRLRTILDLVEKESGITIEGVNTPYLYFGMWKTSFAWHTEDMDLYSINYLHFGEPKSWYSVPPEHGKRLERLAKGFFPGSAQSCEAFLRHKMTLISPLMLKKYGIPFDKVTQEAGEFMITFPYGYHAGFNHGFNCAESTNFATRRWIEYGKQAVLCSCRKDMVKISMDVFVRKFQPERYKLWKAGKDNTVIDHTLPTPEAAEFLKESELPPRAGNEEECPEEDMEGVEDGEEGDLKTSLAKHRIGTKRHRVCLEIPQEVSQSELFPKEDLSSEQYEMTECPAALAPVRPTHSSVRQVEDGLTFPDYSDSTEVKFEELKNVKLEEEDEEEEQAAAALDLSVNPASVGGRLVFSGSKKKSSSSLGSGSSRDSISSDSETSEPLSCRAQGQTGVLTVHSYAKGDGRVTVGEPCTRKKGSAARSFSERELAEVADEYMFSLEENKKSKGRRQPLSKLPRHHPLVLQECVSDDETSEQLTPEEEAEETEAWAKPLSQLWQNRPPNFEAEKEFNETMAQQAPHCAVCMIFQTYHQVEFGGFNQNCGNASDLAPQKQRTKPLIPEMCFTSTGCSTDINLSTPYLEEDGTSILVSCKKCSVRVHASCYGVPPAKASEDWMCSRCSANALEEDCCLCSLRGGALQRANDDRWVHVSCAVAILEARFVNIAERSPVDVSKIPLPRFKLKCIFCKKRRKRTAGCCVQCSHGRCPTAFHVSCAQAAGVMMQPDDWPFVVFITCFRHKIPNLERAKGALQSITAGQKVISKHKNGRFYQCEVVRLTTETFYEVNFDDGSFSDNLYPEDIVSQDCLQFGPPAEGEVVQVRWTDGQVYGAKFVASHPIQMYQVEFEDGSQLVVKRDDVYTLDEELPKRVKSRLSVASDMRFNEIFTEKEVKQEKKRQRVINSRYREDYIEPALYRAIME
8793,Tchem,Epigenetic,,27,KDM6B_HUMAN,Lysine-specific demethylase 6B,O15054,Belongs to the UTX family.,MHRAVDPPGARAAREAFALGGLSCAGAWSSCPPHPPPRSAWLPGGRCSASIGQPPLPAPLPPSHGSSSGHPSKPYYAPGAPTPRPLHGKLESLHGCVQALLREPAQPGLWEQLGQLYESEHDSEEATRCYHSALRYGGSFAELGPRIGRLQQAQLWNFHTGSCQHRAKVLPPLEQVWNLLHLEHKRNYGAKRGGPPVKRAAEPPVVQPVPPAALSGPSGEEGLSPGGKRRRGCNSEQTGLPPGLPLPPPPLPPPPPPPPPPPPPLPGLATSPPFQLTKPGLWSTLHGDAWGPERKGSAPPERQEQRHSLPHPYPYPAPAYTAHPPGHRLVPAAPPGPGPRPPGAESHGCLPATRPPGSDLRESRVQRSRMDSSVSPAATTACVPYAPSRPPGLPGTTTSSSSSSSSNTGLRGVEPNPGIPGADHYQTPALEVSHHGRLGPSAHSSRKPFLGAPAATPHLSLPPGPSSPPPPPCPRLLRPPPPPAWLKGPACRAAREDGEILEELFFGTEGPPRPAPPPLPHREGFLGPPASRFSVGTQDSHTPPTPPTPTTSSSNSNSGSHSSSPAGPVSFPPPPYLARSIDPLPRPPSPAQNPQDPPLVPLTLALPPAPPSSCHQNTSGSFRRPESPRPRVSFPKTPEVGPGPPPGPLSKAPQPVPPGVGELPARGPRLFDFPPTPLEDQFEEPAEFKILPDGLANIMKMLDESIRKEEEQQQHEAGVAPQPPLKEPFASLQSPFPTDTAPTTTAPAVAVTTTTTTTTTTTATQEEEKKPPPALPPPPPLAKFPPPSQPQPPPPPPPSPASLLKSLASVLEGQKYCYRGTGAAVSTRPGPLPTTQYSPGPPSGATALPPTSAAPSAQGSPQPSASSSSQFSTSGGPWARERRAGEEPVPGPMTPTQPPPPLSLPPARSESEVLEEISRACETLVERVGRSATDPADPVDTAEPADSGTERLLPPAQAKEEAGGVAAVSGSCKRRQKEHQKEHRRHRRACKDSVGRRPREGRAKAKAKVPKEKSRRVLGNLDLQSEEIQGREKSRPDLGGASKAKPPTAPAPPSAPAPSAQPTPPSASVPGKKAREEAPGPPGVSRADMLKLRSLSEGPPKELKIRLIKVESGDKETFIASEVEERRLRMADLTISHCAADVVRASRNAKVKGKFRESYLSPAQSVKPKINTEEKLPREKLNPPTPSIYLESKRDAFSPVLLQFCTDPRNPITVIRGLAGSLRLNLGLFSTKTLVEASGEHTVEVRTQVQQPSDENWDLTGTRQIWPCESSRSHTTIAKYAQYQASSFQESLQEEKESEDEESEEPDSTTGTPPSSAPDPKNHHIIKFGTNIDLSDAKRWKPQLQELLKLPAFMRVTSTGNMLSHVGHTILGMNTVQLYMKVPGSRTPGHQENNNFCSVNINIGPGDCEWFAVHEHYWETISAFCDRHGVDYLTGSWWPILDDLYASNIPVYRFVQRPGDLVWINAGTVHWVQATGWCNNIAWNVGPLTAYQYQLALERYEWNEVKNVKSIVPMIHVSWNVARTVKISDPDLFKMIKFCLLQSMKHCQVQRESLVRAGKKIAYQGRVKDEPAYYCNECDVEVFNILFVTSENGSRNTYLVHCEGCARRRSAGLQGVVVLEQYRTEELAQAYDAFTLAPASTSR
8900,Tchem,Epigenetic,,117,LMBL3_HUMAN,Lethal(3)malignant brain tumor-like protein 3,Q96JM7,,MTESASSTSGQEFDVFSVMDWKDGVGTLPGSDLKFRVNEFGALEVITDENEMENVKKATATTTWMVPTAQEAPTSPPSSRPVFPPAYWTSPPGCPTVFSEKTGMPFRLKDPVKVEGLQFCENCCQYGNVDECLSGGNYCSQNCARHIKDKDQKEERDVEEDNEEEDPKCSRKKKPKLSLKADTKEDGEERDDEMENKQDVRILRGSQRARRKRRGDSAVLKQGLPPKGKKAWCWASYLEEEKAVAVPAKLFKEHQSFPYNKNGFKVGMKLEGVDPEHQSVYCVLTVAEVCGYRIKLHFDGYSDCYDFWVNADALDIHPVGWCEKTGHKLHPPKGYKEEEFNWQTYLKTCKAQAAPKSLFENQNITVIPSGFRVGMKLEAVDKKNPSFICVATVTDMVDNRFLVHFDNWDESYDYWCEASSPHIHPVGWCKEHRRTLITPPGYPNVKHFSWDKYLEETNSLPAPARAFKVKPPHGFQKKMKLEVVDKRNPMFIRVATVADTDDHRVKVHFDGWNNCYDYWIDADSPDIHPVGWCSKTGHPLQPPLSPLELMEASEHGGCSTPGCKGIGHFKRARHLGPHSAANCPYSEINLNKDRIFPDRLSGEMPPASPSFPRNKRTDANESSSSPEIRDQHADDVKEDFEERTESEMRTSHEARGAREEPTVQQAQRRSAVFLSFKSPIPCLPLRWEQQSKLLPTVAGIPASKVSKWSTDEVSEFIQSLPGCEEHGKVFKDEQIDGEAFLLMTQTDIVKIMSIKLGPALKIFNSILMFKAAEKNSHNEL
8976,Tchem,Epigenetic,,239,KDM1A_HUMAN,Lysine-specific histone demethylase 1A,O60341,Belongs to the flavin monoamine oxidase family.,MLSGKKAAAAAAAAAAAATGTEAGPGTAGGSENGSEVAAQPAGLSGPAEVGPGAVGERTPRKKEPPRASPPGGLAEPPGSAGPQAGPTVVPGSATPMETGIAETPEGRRTSRRKRAKVEYREMDESLANLSEDEYYSEEERNAKAEKEKKLPPPPPQAPPEEENESEPEEPSGVEGAAFQSRLPHDRMTSQEAACFPDIISGPQQTQKVFLFIRNRTLQLWLDNPKIQLTFEATLQQLEAPYNSDTVLVHRVHSYLERHGLINFGIYKRIKPLPTKKTGKVIIIGSGVSGLAAARQLQSFGMDVTLLEARDRVGGRVATFRKGNYVADLGAMVVTGLGGNPMAVVSKQVNMELAKIKQKCPLYEANGQAVPKEKDEMVEQEFNRLLEATSYLSHQLDFNVLNNKPVSLGQALEVVIQLQEKHVKDEQIEHWKKIVKTQEELKELLNKMVNLKEKIKELHQQYKEASEVKPPRDITAEFLVKSKHRDLTALCKEYDELAETQGKLEEKLQELEANPPSDVYLSSRDRQILDWHFANLEFANATPLSTLSLKHWDQDDDFEFTGSHLTVRNGYSCVPVALAEGLDIKLNTAVRQVRYTASGCEVIAVNTRSTSQTFIYKCDAVLCTLPLGVLKQQPPAVQFVPPLPEWKTSAVQRMGFGNLNKVVLCFDRVFWDPSVNLFGHVGSTTASRGELFLFWNLYKAPILLALVAGEAAGIMENISDDVIVGRCLAILKGIFGSSAVPQPKETVVSRWRADPWARGSYSYVAAGSSGNDYDLMAQPITPGPSIPGAPQPIPRLFFAGEHTIRNYPATVHGALLSGLREAGRIADQFLGAMYTLPRQATPGVPAQQSPSM
15171,Tchem,Epigenetic,,98,SIR1_HUMAN,NAD-dependent protein deacetylase sirtuin-1,Q96EB6,Belongs to the sirtuin family. Class I subfamily.,MADEAALALQPGGSPSAAGADREAASSPAGEPLRKRPRRDGPGLERSPGEPGGAAPEREVPAAARGCPGAAAAALWREAEAEAAAAGGEQEAQATAAAGEGDNGPGLQGPSREPPLADNLYDEDDDDEGEEEEEAAAAAIGYRDNLLFGDEIITNGFHSCESDEEDRASHASSSDWTPRPRIGPYTFVQQHLMIGTDPRTILKDLLPETIPPPELDDMTLWQIVINILSEPPKRKKRKDINTIEDAVKLLQECKKIIVLTGAGVSVSCGIPDFRSRDGIYARLAVDFPDLPDPQAMFDIEYFRKDPRPFFKFAKEIYPGQFQPSLCHKFIALSDKEGKLLRNYTQNIDTLEQVAGIQRIIQCHGSFATASCLICKYKVDCEAVRGDIFNQVVPRCPRCPADEPLAIMKPEIVFFGENLPEQFHRAMKYDKDEVDLLIVIGSSLKVRPVALIPSSIPHEVPQILINREPLPHLHFDVELLGDCDVIINELCHRLGGEYAKLCCNPVKLSEITEKPPRTQKELAYLSELPPTPLHVSEDSSSPERTSPPDSSVIVTLLDQAAKSNDDLDVSESKGCMEEKPQEVQTSRNVESIAEQMENPDLKNVGSSTGEKNERTSVAGTVRKCWPNRVAKEQISRRLDGNQYLFLPPNRYIFHGAEVYSDSEDDVLSSSSCGSNSDSGTCQSPSLEEPMEDESEIEEFYNGLEDEPDVPERAGGAGFGTDGDDQEAINEAISVKQEVTDMNYPSNKS
15910,Tchem,Epigenetic,,36,SMYD2_HUMAN,N-lysine methyltransferase SMYD2,Q9NRG4,Belongs to the class V-like SAM-binding methyltransferase superfamily.,MRAEGLGGLERFCSPGKGRGLRALQPFQVGDLLFSCPAYAYVLTVNERGNHCEYCFTRKEGLSKCGRCKQAFYCNVECQKEDWPMHKLECSPMVVFGENWNPSETVRLTARILAKQKIHPERTPSEKLLAVKEFESHLDKLDNEKKDLIQSDIAALHHFYSKHLGFPDNDSLVVLFAQVNCNGFTIEDEELSHLGSAIFPDVALMNHSCCPNVIVTYKGTLAEVRAVQEIKPGEEVFTSYIDLLYPTEDRNDRLRDSYFFTCECQECTTKDKDKAKVEIRKLSDPPKAEAIRDMVRYARNVIEEFRRAKHYKSPSELLEICELSQEKMSSVFEDSNVYMLHMMYQAMGVCLYMQDWEGALQYGQKIIKPYSKHYPLYSLNVASMWLKLGRLYMGLEHKAAGEKALKKAIAIMEVAHGKDHPYISEIKQEIESH
15951,Tchem,Epigenetic,,151,SIR2_HUMAN,NAD-dependent protein deacetylase sirtuin-2,Q8IXJ6,Belongs to the sirtuin family. Class I subfamily.,MAEPDPSHPLETQAGKVQEAQDSDSDSEGGAAGGEADMDFLRNLFSQTLSLGSQKERLLDELTLEGVARYMQSERCRRVICLVGAGISTSAGIPDFRSPSTGLYDNLEKYHLPYPEAIFEISYFKKHPEPFFALAKELYPGQFKPTICHYFMRLLKDKGLLLRCYTQNIDTLERIAGLEQEDLVEAHGTFYTSHCVSASCRHEYPLSWMKEKIFSEVTPKCEDCQSLVKPDIVFFGESLPARFFSCMQSDFLKVDLLLVMGTSLQVQPFASLISKAPLSTPRLLINKEKAGQSDPFLGMIMGLGGGMDFDSKKAYRDVAWLGECDQGCLALAELLGWKKELEDLVRREHASIDAQSGAGVPNPSTSASPKKSPPPAKDEARTTEREKPQ
16024,Tchem,Epigenetic,,46,SIR3_HUMAN,"NAD-dependent protein deacetylase sirtuin-3, mitochondrial",Q9NTG7,Belongs to the sirtuin family. Class I subfamily.,MAFWGWRAAAALRLWGRVVERVEAGGGVGPFQACGCRLVLGGRDDVSAGLRGSHGARGEPLDPARPLQRPPRPEVPRAFRRQPRAAAPSFFFSSIKGGRRSISFSVGASSVVGSGGSSDKGKLSLQDVAELIRARACQRVVVMVGAGISTPSGIPDFRSPGSGLYSNLQQYDLPYPEAIFELPFFFHNPKPFFTLAKELYPGNYKPNVTHYFLRLLHDKGLLLRLYTQNIDGLERVSGIPASKLVEAHGTFASATCTVCQRPFPGEDIRADVMADRVPRCPVCTGVVKPDIVFFGEPLPQRFLLHVVDFPMADLLLILGTSLEVEPFASLTEAVRSSVPRLLINRDLVGPLAWHPRSRDVAQLGDVVHGVESLVELLGWTEEMRDLVQRETGKLDGPDK
16333,Tchem,Epigenetic,,33,SMYD3_HUMAN,Histone-lysine N-methyltransferase SMYD3,Q9H7B4,Belongs to the class V-like SAM-binding methyltransferase superfamily. Histone-lysine methyltransferase family.,MEPLKVEKFATAKRGNGLRAVTPLRPGELLFRSDPLAYTVCKGSRGVVCDRCLLGKEKLMRCSQCRVAKYCSAKCQKKAWPDHKRECKCLKSCKPRYPPDSVRLLGRVVFKLMDGAPSESEKLYSFYDLESNINKLTEDKKEGLRQLVMTFQHFMREEIQDASQLPPAFDLFEAFAKVICNSFTICNAEMQEVGVGLYPSISLLNHSCDPNCSIVFNGPHLLLRAVRDIEVGEELTICYLDMLMTSEERRKQLRDQYCFECDCFRCQTQDKDADMLTGDEQVWKEVQESLKKIEELKAHWKWEQVLAMCQAIISSNSERLPDINIYQLKVLDCAMDACINLGLLEEALFYGTRTMEPYRIFFPGSHPVRGVQVMKVGKLQLHQGMFPQAMKNLRLAFDIMRVTHGREHSLIEDLILLLEECDANIRAS
18327,Tchem,Epigenetic,,40,TIF1A_HUMAN,Transcription intermediary factor 1-alpha,O15164,,MEVAVEKAVAAAAAASAAASGGPSAAPSGENEAESRQGPDSERGGEAARLNLLDTCAVCHQNIQSRAPKLLPCLHSFCQRCLPAPQRYLMLPAPMLGSAETPPPVPAPGSPVSGSSPFATQVGVIRCPVCSQECAERHIIDNFFVKDTTEVPSSTVEKSNQVCTSCEDNAEANGFCVECVEWLCKTCIRAHQRVKFTKDHTVRQKEEVSPEAVGVTSQRPVFCPFHKKEQLKLYCETCDKLTCRDCQLLEHKEHRYQFIEEAFQNQKVIIDTLITKLMEKTKYIKFTGNQIQNRIIEVNQNQKQVEQDIKVAIFTLMVEINKKGKALLHQLESLAKDHRMKLMQQQQEVAGLSKQLEHVMHFSKWAVSSGSSTALLYSKRLITYRLRHLLRARCDASPVTNNTIQFHCDPSFWAQNIINLGSLVIEDKESQPQMPKQNPVVEQNSQPPSGLSSNQLSKFPTQISLAQLRLQHMQQQVMAQRQQVQRRPAPVGLPNPRMQGPIQQPSISHQQPPPRLINFQNHSPKPNGPVLPPHPQQLRYPPNQNIPRQAIKPNPLQMAFLAQQAIKQWQISSGQGTPSTTNSTSSTPSSPTITSAAGYDGKAFGSPMIDLSSPVGGSYNLPSLPDIDCSSTIMLDNIVRKDTNIDHGQPRPPSNRTVQSPNSSVPSPGLAGPVTMTSVHPPIRSPSASSVGSRGSSGSSSKPAGADSTHKVPVVMLEPIRIKQENSGPPENYDFPVVIVKQESDEESRPQNANYPRSILTSLLLNSSQSSTSEETVLRSDAPDSTGDQPGLHQDNSSNGKSEWLDPSQKSPLHVGETRKEDDPNEDWCAVCQNGGELLCCEKCPKVFHLSCHVPTLTNFPSGEWICTFCRDLSKPEVEYDCDAPSHNSEKKKTEGLVKLTPIDKRKCERLLLFLYCHEMSLAFQDPVPLTVPDYYKIIKNPMDLSTIKKRLQEDYSMYSKPEDFVADFRLIFQNCAEFNEPDSEVANAGIKLENYFEELLKNLYPEKRFPKPEFRNESEDNKFSDDSDDDFVQPRKKRLKSIEERQLLK
